question_id,answer
q1,10.0.2.101
q2,berkbeer.com
q3,mberk@berkbeer.com
q4, Martin Berk 
q5,hbernhard@berkbeer.com
q6, Saccharomyces_cerevisiae_patent.docx
q7,ambersthebest@yeastiebeastie.com
q8,7.0.4
q9,52.42.208.228
q10,45.77.65.211
q11,member.php
q12,updatexml
q13,gGsxysZL
q14,123456
q15,대동
q16,1502408189
q17,1bc3eab741900ab25c98eee86bf20feb
q18,kIagerfield
q19,Stormborn
q20,bittorent
q21,14:50:22
q22,132
q23,Alcor
q24,perl
q25,java
q26,eidk.duckdns.org
q27,eidk.hopto.org
q28,invoice.zip
q29,C = US
q30,160.153.91.7
q31,hildegardsfarm.com
q32,나는_데이비드를_사랑한다.hwp
q33,Ryan Kovar
q34,3.6
q35,process.php
q36,104.238.159.19
q37,1394847505
q38,lwh9Ql7oUbnJUqxR
q39,7
q40, bkildcare@yandex.com
q41,200 Franklin St
q42,elude.in
q43,Tom2014@msn.com
q44,WINTER2017
q45,http://store.froth.ly/magento2/mens-frothly-tee.html
